公司名稱,公司簡稱
台灣水泥股份有限公司,台泥
亞洲水泥股份有限公司,亞泥
嘉新水泥股份有限公司,嘉泥
環球水泥股份有限公司,環泥
幸福水泥股份有限公司,幸福
信大水泥股份有限公司,信大
東南水泥股份有限公司,東泥
味全食品工業股份有限公司,味全
味王股份有限公司,味王
大成長城企業股份有限公司,大成
大西洋飲料股份有限公司,大飲
台灣卜蜂企業股份有限公司,卜蜂
統一企業股份有限公司,統一
愛之味股份有限公司,愛之味
泰山企業股份有限公司,泰山
福壽實業股份有限公司,福壽
台榮產業股份有限公司,台榮
福懋油脂股份有限公司,福懋油
佳格食品股份有限公司,佳格
聯華實業投資控股股份有限公司,聯華
聯華食品工業股份有限公司,聯華食
大統益股份有限公司,大統益
天仁茶業股份有限公司,天仁
黑松股份有限公司,黑松
興泰實業股份有限公司,興泰
宏亞食品股份有限公司,宏亞
鮮活控股股份有限公司,鮮活果汁-KY
台灣塑膠工業股份有限公司,台塑
南亞塑膠工業股份有限公司,南亞
台灣聚合化學品股份有限公司,台聚
華夏海灣塑膠股份有限公司,華夏
三芳化學工業股份有限公司,三芳
亞洲聚合股份有限公司,亞聚
台達化學工業股份有限公司,台達化
台灣苯乙烯工業股份有限公司,台苯
國喬石油化學股份有限公司,國喬
聯成化學科技股份有限公司,聯成
中國石油化學工業開發(股)公司,中石化
達新工業股份有限公司,達新
上曜建設開發股份有限公司,上曜
東陽實業廠股份有限公司,東陽
大洋塑膠工業股份有限公司,大洋
永裕塑膠工業股份有限公司,永裕
地球綜合工業股份有限公司,地球
恒大股份有限公司,恆大
台灣化學纖維股份有限公司,台化
亞洲塑膠再生資源控股有限公司,再生-KY
廣華控股有限公司,廣華-KY
昭輝實業股份有限公司,昭輝
勝悅新材料有限公司,勝悅-KY
富林塑膠工業(開曼)控股(股)公司,富林-KY
八貫企業股份有限公司,八貫
遠東新世紀股份有限公司,遠東新
新光合成纖維股份有限公司,新纖
南洋染整股份有限公司,南染
宏洲纖維工業股份有限公司,宏洲
東和紡織股份有限公司,東和
廣豐實業股份有限公司,廣豐
嘉裕股份有限公司,嘉裕
東華合纖股份有限公司,東華
新光紡織股份有限公司,新紡
利華羊毛工業股份有限公司,利華
大魯閣實業股份有限公司,大魯閣
福懋興業股份有限公司,福懋
中福國際(股)公司,中福
華友聯開發股份有限公司(原福益),華友聯
勤益投資控股股份有限公司,勤益控
三地開發地產股份有限公司,三地開發
中和羊毛工業股份有限公司,中和
臺南紡織股份有限公司,南紡
大東紡織股份有限公司,大東
名軒開發股份有限公司,名軒
立益紡織股份有限公司,立益
力麗企業股份有限公司,力麗
大宇紡織股份有限公司,大宇
宏和精密紡織股份有限公司,宏和
力鵬企業股份有限公司,力鵬
佳和實業股份有限公司,佳和
年興紡織股份有限公司,年興
宏益纖維工業股份有限公司,宏益
大將開發股份有限公司,大將
台灣富綢纖維股份有限公司,台富
集盛實業股份有限公司,集盛
怡華實業股份有限公司,怡華
宜進實業股份有限公司,宜進
聯發紡織纖維股份有限公司,聯發
宏遠興業股份有限公司,宏遠
強盛染整股份有限公司,強盛
得力實業股份有限公司,得力
偉全實業股份有限公司,偉全
聚隆纖維股份有限公司,聚隆
南緯實業股份有限公司,南緯
昶和纖維興業股份有限公司,昶和
大統新創股份有限公司,大統新創
首利實業股份有限公司,首利
三洋實業股份有限公司,三洋實業
台南企業股份有限公司,台南
弘裕企業股份有限公司,弘裕
台灣業旺股份有限公司,業旺
儒鴻企業股份有限公司,儒鴻
聚陽實業股份有限公司,聚陽
士林電機廠股份有限公司,士電
東元電機股份有限公司,東元
正道工業股份有限公司,正道
瑞利企業股份有限公司,瑞利
中興電工機械股份有限公司,中興電
亞力電機股份有限公司,亞力
力山工業股份有限公司,力山
川飛能源股份有限公司,川飛
利奇機械工業股份有限公司,利奇
華城電機股份有限公司,華城
大億交通工業製造股份有限公司,大億
堤維西交通工業股份有限公司,堤維西
耿鼎企業股份有限公司,耿鼎
江申工業股份有限公司,江申
日馳企業股份有限公司,日馳
鑽全實業股份有限公司,鑽全
恩德科技股份有限公司,恩德
樂士股份有限公司,樂士
亞崴機電股份有限公司,亞崴
高林股份有限公司,高林股
勤美股份有限公司,勤美
車王電子股份有限公司,車王電
中宇環保工程股份有限公司,中宇
和大工業股份有限公司,和大
廣隆光電科技股份有限公司,廣隆
正峰工業股份有限公司,正峰
巨庭機械股份有限公司,巨庭
喬福機械工業股份有限公司,喬福
錩泰工業股份有限公司,錩泰
伸興工業股份有限公司,伸興
中國砂輪企業股份有限公司,中砂
倉佑實業股份有限公司,倉佑
信錦企業股份有限公司,信錦
程泰機械股份有限公司,程泰
吉茂精密股份有限公司,吉茂
永冠能源科技集團有限公司,永冠-KY
亞德客國際集團,亞德客-KY
直得科技股份有限公司,直得
岱宇國際股份有限公司,岱宇
中華電線電纜股份有限公司,華電
聲寶股份有限公司,聲寶
華新麗華股份有限公司,華新
華榮電線電纜股份有限公司,華榮
大亞電線電纜股份有限公司,大亞
中國電器股份有限公司,中電
宏泰電工股份有限公司,宏泰
台灣三洋電機股份有限公司,三洋電
大山電線電纜股份有限公司,大山
億泰電線電纜股份有限公司,億泰
榮星電線工業股份有限公司,榮星
合機電線電纜股份有限公司,合機
艾美特(開曼)國際有限公司,艾美特-KY
中國化學製藥股份有限公司,中化
南僑投資控股股份有限公司,南僑
葡萄王生技股份有限公司,葡萄王
東南實業股份有限公司,東鹼
和益化學工業股份有限公司,和益
東聯化學股份有限公司,東聯
臺灣永光化學工業股份有限公司,永光
興農股份有限公司,興農
國泰化工廠股份有限公司,國化
和桐化學股份有限公司,和桐
長興材料工業股份有限公司,長興
中國人造纖維股份有限公司,中纖
生達化學製藥股份有限公司,生達
三晃股份有限公司,三晃
台灣肥料股份有限公司,台肥
中鋼碳素化學股份有限公司,中碳
元禎企業股份有限公司,元禎
永記造漆工業股份有限公司,永記
臺灣中華化學工業股份有限公司,中華化
花仙子企業股份有限公司,花仙子
美吾華股份有限公司,美吾華
毛寶股份有限公司,毛寶
五鼎生物技術股份有限公司,五鼎
杏輝藥品工業股份有限公司,杏輝
日勝化工股份有限公司,日勝化
喬山健康科技股份有限公司,喬山
臺鹽實業股份有限公司,臺鹽
南光化學製藥股份有限公司,南光
寶齡富錦生技股份有限公司,寶齡富錦
中化合成生技股份有限公司,中化生
勝一化工股份有限公司,勝一
展宇科技材料股份有限公司,展宇
和康生物科技股份有限公司,和康生
科妍生物科技股份有限公司,科妍
台灣神隆股份有限公司,神隆
美時化學製藥股份有限公司,美時
台灣玻璃工業股份有限公司,台玻
寶徠建設股份有限公司,寶徠
冠軍建材股份有限公司,冠軍
潤隆建設股份有限公司,潤隆
中國製釉股份有限公司,中釉
和成欣業股份有限公司,和成
凱撒衛浴股份有限公司,凱撒衛
士林紙業股份有限公司,士紙
正隆股份有限公司,正隆
中華紙漿股份有限公司,華紙
寶隆國際股份有限公司,寶隆
永豐餘投資控股股份有限公司,永豐餘
榮成紙業股份有限公司,榮成
中國鋼鐵股份有限公司,中鋼
東和鋼鐵企業股份有限公司,東和鋼鐵
燁興企業股份有限公司,燁興
高興昌鋼鐵股份有限公司,高興昌
第一伸銅科技股份有限公司,第一銅
春源鋼鐵工業股份有限公司,春源
春雨工廠股份有限公司,春雨
中國鋼鐵結構股份有限公司,中鋼構
中鴻鋼鐵股份有限公司,中鴻
豐興鋼鐵股份有限公司,豐興
官田鋼鐵股份有限公司,官田鋼
美亞鋼管廠股份有限公司,美亞
聚亨企業股份有限公司,聚亨
燁輝企業股份有限公司,燁輝
志聯工業股份有限公司,志聯
千興不銹鋼(股)公司,千興
大成不銹鋼工業股份有限公司,大成鋼
威致鋼鐵工業股份有限公司,威致
盛餘股份有限公司,盛餘
彰源企業股份有限公司,彰源
新光鋼鐵股份有限公司,新光鋼
新鋼工業股份有限公司,新鋼
佳大世界股份有限公司,佳大
允強實業股份有限公司,允強
海光企業股份有限公司,海光
上銀科技股份有限公司,上銀
川湖科技股份有限公司,川湖
橋椿金屬股份有限公司,橋椿
運錩鋼鐵股份有限公司,運錩
南港輪胎股份有限公司,南港
泰豐輪胎股份有限公司,泰豐
台橡股份有限公司,台橡
國際中橡投資控股股份有限公司,國際中橡
正新橡膠工業股份有限公司,正新
建大工業股份有限公司,建大
厚生股份有限公司,厚生
南帝化學工業股份有限公司,南帝
華豐橡膠工業股份有限公司,華豐
鑫永銓股份有限公司,鑫永銓
六暉控股股份有限公司,六暉-KY
裕隆汽車製造股份有限公司,裕隆
中華汽車工業股份有限公司,中華
三陽工業股份有限公司,三陽工業
和泰汽車股份有限公司,和泰車
台灣國際造船股份有限公司,台船
長榮鋼鐵股份有限公司,長榮鋼
裕隆日產汽車股份有限公司,裕日車
劍麟股份有限公司,劍麟
為升電裝工業股份有限公司,為升
宇隆科技股份有限公司,宇隆
百達精密工業股份有限公司,百達-KY
開曼英利工業股份有限公司,英利-KY
艾姆勒車電股份有限公司,艾姆勒
宏旭控股股份有限公司,宏旭-KY
汎德永業汽車股份有限公司,汎德永業
第一化成控股(開曼)股份有限公司,IKKA-KY
光寶科技股份有限公司,光寶科
麗正國際科技股份有限公司,麗正
聯華電子股份有限公司,聯電
全友電腦股份有限公司,全友
台達電子工業股份有限公司,台達電
金寶電子工業股份有限公司,金寶
華通電腦股份有限公司,華通
台揚科技股份有限公司,台揚
楠梓電子股份有限公司,楠梓電
鴻海精密工業股份有限公司,鴻海
東訊股份有限公司,東訊
中環股份有限公司,中環
仁寶電腦工業股份有限公司,仁寶
國巨股份有限公司,國巨
廣宇科技股份有限公司,廣宇
華泰電子股份有限公司,華泰
台灣積體電路製造股份有限公司,台積電
精英電腦股份有限公司,精英
友訊科技股份有限公司,友訊
旺宏電子股份有限公司,旺宏
台灣光罩股份有限公司,光罩
台亞半導體股份有限公司,台亞
台灣茂矽電子股份有限公司,茂矽
華邦電子股份有限公司,華邦電
智邦科技股份有限公司,智邦
聯強國際股份有限公司,聯強
海悅國際開發股份有限公司,海悅
錸德科技股份有限公司,錸德
順德工業股份有限公司,順德
佳世達科技股份有限公司,佳世達
宏碁股份有限公司,宏碁
鴻準精密工業股份有限公司,鴻準
敬鵬工業股份有限公司,敬鵬
英業達股份有限公司,英業達
華碩電腦股份有限公司,華碩
廷鑫興業股份有限公司,廷鑫
所羅門股份有限公司,所羅門
致茂電子股份有限公司,致茂
藍天電腦股份有限公司,藍天
矽統科技股份有限公司,矽統
倫飛電腦實業股份有限公司,倫飛
昆盈企業股份有限公司,昆盈
燿華電子股份有限公司,燿華
金像電子(股)公司,金像電
菱生精密工業股份有限公司,菱生
大同股份有限公司,大同
震旦行股份有限公司,震旦行
佳能企業股份有限公司,佳能
凱美電機股份有限公司,凱美
技嘉科技股份有限公司,技嘉
微星科技股份有限公司,微星
瑞昱半導體股份有限公司,瑞昱
虹光精密工業股份有限公司,虹光
廣達電腦股份有限公司,廣達
台光電子材料股份有限公司,台光電
群光電子股份有限公司,群光
精元電腦股份有限公司,精元
威盛電子股份有限公司,威盛
云辰電子開發股份有限公司,云辰
正崴精密工業股份有限公司,正崴
億光電子工業股份有限公司,億光
研華股份有限公司,研華
友通資訊股份有限公司,友通
映泰股份有限公司,映泰
凌陽科技股份有限公司,凌陽
毅嘉科技股份有限公司,毅嘉
漢唐集成股份有限公司,漢唐
浩鑫股份有限公司,浩鑫
國碩科技工業股份有限公司,國碩
南亞科技股份有限公司,南亞科
友達光電股份有限公司,友達
中華電信股份有限公司,中華電
環隆科技股份有限公司,環科
精技電腦股份有限公司,精技
錩新科技股份有限公司,錩新
圓剛科技股份有限公司,圓剛
仲琦科技股份有限公司,仲琦
新巨企業股份有限公司,新巨
建準電機工業股份有限公司,建準
固緯電子實業股份有限公司,固緯
隴華電子股份有限公司,隴華
承啟科技股份有限公司,承啟
鼎元光電科技股份有限公司,鼎元
三商電腦股份有限公司,三商電
興勤電子工業股份有限公司,興勤
銘旺科技股份有限公司,銘旺科
燦坤實業股份有限公司,燦坤
聯昌電子企業股份有限公司,聯昌
互盛股份有限公司,互盛電
統懋半導體股份有限公司,統懋
偉詮電子股份有限公司,偉詮電
翔耀實業股份有限公司,翔耀
美律實業股份有限公司,美律
太空梭高傳真資訊科技(股)公司,太空梭
超豐電子股份有限公司,超豐
新美齊股份有限公司,新美齊
昶虹國際股份有限公司,昶虹
兆勁科技股份有限公司,兆勁
京元電子股份有限公司,京元電子
神腦國際企業股份有限公司,神腦
創見資訊股份有限公司,創見
凌群電腦股份有限公司,凌群
聯發科技股份有限公司,聯發科
全新光電科技股份有限公司,全新
飛宏科技股份有限公司,飛宏
義隆電子股份有限公司,義隆
敦吉科技股份有限公司,敦吉
建通精密工業股份有限公司,建通
光群雷射科技股份有限公司,光群雷
台灣良得電子股份有限公司,良得電
盟立自動化股份有限公司,盟立
麗臺科技股份有限公司,麗臺
冠西電子企業股份有限公司,冠西電
志聖工業股份有限公司,志聖
華經資訊企業股份有限公司,華經
資通電腦股份有限公司,資通
立隆電子工業股份有限公司,立隆電
可成科技股份有限公司,可成
鉅祥企業股份有限公司,鉅祥
美隆工業股份有限公司,美隆電
大毅科技股份有限公司,大毅
敦陽科技股份有限公司,敦陽科
強茂股份有限公司,強茂
連宇股份有限公司,連宇
百容電子股份有限公司,百容
希華晶體科技股份有限公司,希華
兆赫電子股份有限公司,兆赫
一詮精密工業股份有限公司,一詮
漢平電子工業股份有限公司,漢平
瑞軒科技股份有限公司,瑞軒
吉祥全球實業股份有限公司,吉祥全
華新科技股份有限公司,華新科
揚博科技股份有限公司,揚博
普安科技股份有限公司,普安
卓越成功股份有限公司,卓越
怡利電子工業股份有限公司,怡利電
宏達國際電子股份有限公司,宏達電
國泰建設股份有限公司,國建
國產建材實業股份有限公司,國產
國揚實業股份有限公司,國揚
太平洋建設股份有限公司,太設
全坤建設開發股份有限公司,全坤建
太子建設開發股份有限公司,太子
龍邦國際興業股份有限公司,龍邦
中華工程股份有限公司,中工
新亞建設開發股份有限公司,新建
冠德建設股份有限公司,冠德
京城建設股份有限公司,京城
宏璟建設股份有限公司,宏璟
皇普建設股份有限公司,皇普
大華建設股份有限公司,華建
宏盛建設股份有限公司,宏盛
達欣工程股份有限公司,達欣工
宏普建設股份有限公司,宏普
聯上開發股份有限公司,聯上發
基泰建設股份有限公司,基泰
櫻花建設股份有限公司,櫻花建
愛山林建設開發股份有限公司,愛山林
興富發建設股份有限公司,興富發
皇昌營造股份有限公司,皇昌
皇翔建設股份有限公司,皇翔
根基營造股份有限公司,根基
日勝生活科技股份有限公司,日勝生
華固建設股份有限公司,華固
潤弘精密工程事業股份有限公司,潤弘
益航股份有限公司,益航
長榮海運股份有限公司,長榮
新興航運股份有限公司,新興
裕民航運股份有限公司,裕民
長榮國際儲運股份有限公司,榮運
嘉里大榮物流股份有限公司,嘉里大榮
陽明海運股份有限公司,陽明
中華航空股份有限公司,華航
志信國際股份有限公司,志信
中國航運股份有限公司,中航
中國貨櫃運輸股份有限公司,中櫃
東森國際股份有限公司,東森
萬海航運股份有限公司,萬海
山隆通運股份有限公司,山隆
台灣航業股份有限公司,台航
長榮航空股份有限公司,長榮航
亞洲航空股份有限公司,亞航
台灣高速鐵路股份有限公司,台灣高鐵
漢翔航空工業股份有限公司,漢翔
台驊國際投資控股股份有限公司,台驊投控
慧洋海運股份有限公司,慧洋-KY
台灣宅配通股份有限公司,宅配通
萬華企業股份有限公司,萬企
華園飯店股份有限公司,華園
國賓大飯店股份有限公司,國賓
六福開發股份有限公司,六福
第一華僑大飯店股份有限公司,第一店
晶華國際酒店股份有限公司,晶華
遠雄悅來大飯店股份有限公司,遠雄來
夏都國際開發股份有限公司,夏都
開曼美食達人股份有限公司,美食-KY
王品餐飲股份有限公司,王品
雄獅旅行社股份有限公司,雄獅
寒舍餐旅管理顧問股份有限公司,寒舍
雲品國際酒店股份有限公司,雲品
八方雲集國際股份有限公司,八方雲集
彰化商業銀行股份有限公司,彰銀
京城商業銀行股份有限公司,京城銀
台中商業銀行股份有限公司,台中銀
旺旺友聯產物保險股份有限公司,旺旺保
中華票券金融股份有限公司,華票
台灣產物保險股份有限公司,台產
臺灣中小企業銀行股份有限公司,臺企銀
高雄銀行股份有限公司,高雄銀
聯邦商業銀行股份有限公司,聯邦銀
台灣土地開發股份有限公司,台開
遠東國際商業銀行股份有限公司,遠東銀
安泰商業銀行股份有限公司,安泰銀
新光產物保險股份有限公司,新產
中央再保險股份有限公司,中再保
第一產物保險股份有限公司,第一保
統一綜合證券股份有限公司,統一證
三商美邦人壽保險股份有限公司,三商壽
華南金融控股股份有限公司,華南金
富邦金融控股股份有限公司,富邦金
國泰金融控股股份有限公司,國泰金
中華開發金融控股股份有限公司,開發金
玉山金融控股股份有限公司,玉山金
元大金融控股股份有限公司,元大金
兆豐金融控股股份有限公司,兆豐金
台新金融控股股份有限公司,台新金
新光金融控股股份有限公司,新光金
國票金融控股股份有限公司,國票金
永豐金融控股股份有限公司,永豐金
中國信託金融控股股份有限公司,中信金
第一金融控股股份有限公司,第一金
王道商業銀行股份有限公司,王道銀行
欣欣大眾市場股份有限公司,欣欣
遠東百貨股份有限公司,遠百
匯僑股份有限公司,匯僑
三商投資控股股份有限公司,三商
高林實業股份有限公司,高林
特力股份有限公司,特力
統領百貨股份有限公司,統領
麗嬰房股份有限公司,麗嬰房
統一超商股份有限公司,統一超
台灣農林股份有限公司,農林
潤泰全球股份有限公司,潤泰全
鼎固控股有限公司,鼎固-KY
淘帝國際控股有限公司,淘帝-KY
客思達股份有限公司,客思達-KY
凱羿國際集團股份有限公司,凱羿-KY
三商家購股份有限公司,三商家購
歐格電子股份有限公司,歐格
健和興端子股份有限公司,健和興
豐達科技股份有限公司(原宏達),豐達科
神基投資控股股份有限公司,神基
晶豪科技股份有限公司,晶豪科
大立光電股份有限公司,大立光
華立企業股份有限公司,華立
今皓實業股份有限公司,今皓
晟銘電子科技股份有限公司,晟銘電
聯陽半導體股份有限公司,聯陽
全漢企業股份有限公司,全漢
嘉晶電子股份有限公司,嘉晶
奇鋐科技股份有限公司,奇鋐
同開科技工程股份有限公司,同開
亞洲光學股份有限公司,亞光
鴻名企業股份有限公司,鴻名
威強電工業電腦股份有限公司,威強電
信邦電子股份有限公司,信邦
憶聲電子股份有限公司,憶聲
星通資訊股份有限公司,星通
禾伸堂企業股份有限公司,禾伸堂
盛達電業股份有限公司,盛達
增你強股份有限公司,增你強
零壹科技股份有限公司,零壹
德律科技股份有限公司,德律
佰鴻工業股份有限公司,佰鴻
偉訓科技股份有限公司,偉訓
威健實業股份有限公司,威健
聯詠科技股份有限公司,聯詠
智原科技股份有限公司,智原
文曄科技股份有限公司,文曄
欣興電子股份有限公司,欣興
全台晶像股份有限公司,全台
遠見科技股份有限公司,遠見
揚智科技股份有限公司,揚智
台灣晶技股份有限公司,晶技
科風股份有限公司,科風
健鼎科技股份有限公司,健鼎
台灣大哥大股份有限公司,台灣大
建碁股份有限公司,建碁
訊舟科技股份有限公司,訊舟
益登科技股份有限公司,益登
和鑫光電股份有限公司,和鑫
鈺德科技股份有限公司,鈺德
力特光電科技股份有限公司,力特
夆典科技開發股份有限公司,夆典
立萬利創新股份有限公司,立萬利
蔚華科技股份有限公司,蔚華科
總太地產開發股份有限公司,總太
喬鼎資訊股份有限公司,喬鼎
立德電子股份有限公司,立德
華晶科技股份有限公司,華晶科
銘異科技股份有限公司,銘異
建漢科技股份有限公司,建漢
日電貿股份有限公司,日電貿
鴻碩精密電工股份有限公司,鴻碩
聯傑國際股份有限公司,聯傑
一零四資訊科技股份有限公司,一零四
耀登科技股份有限公司,耀登
正達國際光電股份有限公司,正達
景岳生物科技股份有限公司,景岳
大量科技股份有限公司,大量
景碩科技股份有限公司,景碩
全科科技股份有限公司,全科
晟鈦股份有限公司,晟鈦
緯創資通股份有限公司,緯創
虹冠電子工業股份有限公司,虹冠電
昇陽建設企業股份有限公司,昇陽
勝德國際研發股份有限公司,勝德
昇貿科技股份有限公司,昇貿
聯德電子股份有限公司,聯德
閎暉實業股份有限公司,閎暉
弘憶國際股份有限公司,弘憶股
同泰電子科技股份有限公司,同泰
泰碩電子股份有限公司,泰碩
麗清科技股份有限公司,麗清
奇偶科技股份有限公司,奇偶
新日興股份有限公司,新日興
明泰科技股份有限公司,明泰
新世紀光電股份有限公司,新世紀
玉晶光電股份有限公司,玉晶光
京鼎精密科技股份有限公司,京鼎
融程電訊股份有限公司,融程電
譁裕實業股份有限公司,譁裕
台端興業股份有限公司,台端
榮創能源科技股份有限公司,榮創
創意電子股份有限公司,創意
聯鈞光電股份有限公司,聯鈞
晶睿通訊股份有限公司,晶睿
群創光電股份有限公司,群創
誠研科技股份有限公司,誠研
維熹科技股份有限公司,維熹
揚明光學股份有限公司,揚明光
華擎科技股份有限公司,華擎
柏騰科技股份有限公司,柏騰
安馳科技股份有限公司,安馳
晶相光電股份有限公司,晶相光
台塑勝高科技股份有限公司,台勝科
嘉澤端子工業股份有限公司,嘉澤
晶彩科技股份有限公司,晶彩科
誠創科技股份有限公司,誠創
州巧科技股份有限公司,州巧
敦泰電子股份有限公司,敦泰
聯穎科技股份有限公司,聯穎
嘉威生活股份有限公司,嘉威
牧德科技股份有限公司,牧德
聯合再生能源股份有限公司,聯合再生
辛耘企業股份有限公司,辛耘
通嘉科技股份有限公司,通嘉
艾笛森光電股份有限公司,艾笛森
瑞鼎科技股份有限公司,瑞鼎
力銘科技股份有限公司,力銘
智易科技股份有限公司,智易
宏致電子股份有限公司,宏致
谷崧精密工業股份有限公司,谷崧
碩天科技股份有限公司,碩天
洋華光電股份有限公司,洋華
達邁科技股份有限公司,達邁
健策精密工業股份有限公司,健策
世芯電子股份有限公司,世芯-KY
貿聯控股(BizLink Holding Inc.),貿聯-KY
圓展科技股份有限公司,圓展
"TPK Holding Co., Ltd.",TPK-KY
新至陞科技股份有限公司,新至陞
亞太電信股份有限公司,亞太電
達能科技股份有限公司,達能
海華科技股份有限公司,海華
大眾全球投資控股股份有限公司,大眾控
大聯大投資控股股份有限公司,大聯大
欣陸投資控股股份有限公司,欣陸
合勤投資控股股份有限公司,合勤控
永信國際投資控股股份有限公司,永信
神達投資控股股份有限公司,神達
上緯國際投資控股股份有限公司,上緯投控
日月光投資控股股份有限公司,日月光投控
永崴投資控股股份有限公司,永崴投控
富采投資控股股份有限公司,富采
佳醫健康事業股份有限公司,佳醫
雃博股份有限公司,雃博
懷特生技新藥股份有限公司,懷特
旭富製藥科技股份有限公司,旭富
亞諾法生技股份有限公司,亞諾法
麗豐股份有限公司,麗豐-KY
國光生物科技股份有限公司,國光生
全宇生技控股有限公司,全宇生技-KY
訊映光電股份有限公司,訊映
承業生醫投資控股股份有限公司,承業醫
佐登妮絲集團股份有限公司,佐登-KY
炎洲股份有限公司,炎洲
如興股份有限公司,如興
利勤實業股份有限公司,利勤
廣越企業股份有限公司,廣越
冠星集團控股有限公司,冠星-KY
宜新實業股份有限公司,宜新實業
東台精機股份有限公司,東台
瑞智精密股份有限公司,瑞智
拓凱實業股份有限公司,拓凱
全球傳動科技股份有限公司,全球傳動
銘鈺精密工業股份有限公司,銘鈺
智伸科技股份有限公司,智伸科
力達控股有限公司,力達-KY
台灣氣立股份有限公司,氣立
永新控股股份有限公司,永新-KY
強信機械科技股份有限公司,強信-KY
穎漢科技股份有限公司,穎漢
元翎精密工業股份有限公司,元翎
時碩工業股份有限公司,時碩工業
鈞興機電國際股份有限公司,鈞興-KY
駐龍精密機械股份有限公司,駐龍
大銀微系統股份有限公司,大銀微系統
World Known MFG(Cayman)Limited,光隆精密-KY
台灣精銳科技股份有限公司,台灣精銳
德淵企業股份有限公司,德淵
國精化學股份有限公司,國精化
華廣生技股份有限公司,華廣
康普材料科技股份有限公司,康普
台耀化學股份有限公司,台耀
三福化工股份有限公司,三福化
濟南大自然新材料股份有限公司,材料-KY
雙鍵化工股份有限公司,雙鍵
南寶樹脂化學工廠股份有限公司,南寶
上品綜合工業股份有限公司,上品
日成控股股份有限公司,日成-KY
遠傳電信股份有限公司,遠傳
正文科技股份有限公司,正文
聯德控股股份有限公司,聯德控股-KY
致伸科技股份有限公司,致伸
事欣科技股份有限公司,事欣科
新唐科技股份有限公司,新唐
泰鼎國際股份有限公司,泰鼎-KY
燦星網通股份有限公司,燦星網
太極能源科技股份有限公司,太極
茂林光電科技(開曼)股份有限公司,茂林-KY
和碩聯合科技股份有限公司,和碩
嘉彰股份有限公司,嘉彰
開曼康而富控股股份有限公司,康控-KY
凌通科技股份有限公司,凌通
光鋐科技股份有限公司,光鋐
臻鼎科技控股股份有限公司,臻鼎-KY
誠美材料科技股份有限公司,誠美材
天鈺科技股份有限公司,天鈺
十銓科技股份有限公司,十銓
立積電子股份有限公司,立積
佳凌科技股份有限公司,佳凌
眾達科技股份有限公司,眾達-KY
李長榮科技股份有限公司,榮科
傳奇網路遊戲股份有限公司,傳奇
鑫禾科技股份有限公司,鑫禾
三星科技股份有限公司,三星
訊連科技股份有限公司,訊連
科嘉(開曼)股份有限公司,科嘉-KY
全訊科技股份有限公司,全訊
東科控股股份有限公司,東科-KY
達興材料股份有限公司,達興材料
乙盛精密工業股份有限公司,乙盛-KY
弘凱光電股份有限公司,弘凱
虹堡科技股份有限公司,虹堡
祥碩科技股份有限公司,祥碩
禾聯碩股份有限公司,禾聯碩
經寶精密控股股份有限公司,jpp-KY
界霖科技股份有限公司,界霖
開曼商豐祥控股股份有限公司,豐祥-KY
桂盟國際股份有限公司,桂盟
中磊電子股份有限公司,中磊
崇越科技股份有限公司,崇越
瀚宇博德股份有限公司,瀚宇博
松翰科技股份有限公司,松翰
慧友電子股份有限公司,慧友
建國工程股份有限公司,建國
隆大營建事業股份有限公司,隆大
工信工程股份有限公司,工信
遠雄建設事業股份有限公司,遠雄
順天建設股份有限公司,順天
鄉林建設事業股份有限公司,鄉林
皇鼎建設開發股份有限公司,皇鼎
長虹建設股份有限公司,長虹
開曼東明控股股份有限公司,東明-KY
永固集團股份有限公司,永固-KY
遠雄自貿港投資控股股份有限公司,遠雄港
四維航業股份有限公司,四維航
鳳凰國際旅行社股份有限公司,鳳凰
中租控股股份有限公司,中租-KY
上海商業儲蓄銀行股份有限公司,上海商銀
合作金庫金融控股股份有限公司,合庫金
台南生活(開曼)股份有限公司,台南-KY
Grand Ocean RetailGroupLimited,大洋-KY
群益金鼎證券股份有限公司,群益證
群益期貨股份有限公司,群益期
競國實業股份有限公司,競國
聚碩科技股份有限公司,聚碩
鎰勝工業股份有限公司,鎰勝
瀚宇彩晶股份有限公司,彩晶
迎廣科技股份有限公司,迎廣
達運精密工業股份有限公司,達運
上福全球科技股份有限公司,上福
金橋科技股份有限公司,金橋
富爾特科技股份有限公司,富爾特
亞翔工程股份有限公司,亞翔
柏承科技股份有限公司,柏承
友勁科技股份有限公司,友勁
百一電子股份有限公司,百一
嘉聯益科技股份有限公司,嘉聯益
鈞寶電子工業股份有限公司,鈞寶
華興電子工業股份有限公司,華興
浪凡網路科技股份有限公司,浪凡
凌華科技股份有限公司,凌華
宏齊科技股份有限公司,宏齊
互億科技股份有限公司,互億
瑞儀光電股份有限公司,瑞儀
達麗建設事業股份有限公司,達麗
關貿網路股份有限公司,關貿
大豐有線電視股份有限公司,大豐電
豐藝電子股份有限公司,豐藝
精成科技股份有限公司,精成科
巨路國際股份有限公司,巨路
帆宣系統科技股份有限公司,帆宣
佳必琪國際股份有限公司,佳必琪
亞弘電科技股份有限公司,亞弘電
盛群半導體股份有限公司,盛群
詮欣股份有限公司,詮欣
飛捷科技股份有限公司,飛捷
今國光學工業股份有限公司,今國光
聯茂電子股份有限公司,聯茂
精誠資訊股份有限公司,精誠
和椿科技股份有限公司,和椿
居易科技股份有限公司,居易
聚鼎科技股份有限公司,聚鼎
天瀚科技股份有限公司,天瀚
光鼎電子股份有限公司,光鼎
尼得科超眾科技股份有限公司,尼得科超眾
華孚科技股份有限公司,華孚
力成科技股份有限公司,力成
迅杰科技股份有限公司,迅杰
定穎電子股份有限公司,定穎
矽格股份有限公司,矽格
台郡科技股份有限公司,台郡
同欣電子工業股份有限公司,同欣電
宏正自動科技股份有限公司,宏正
台灣表面黏著科技股份有限公司,台表科
全國電子股份有限公司,全國電
康舒科技股份有限公司,康舒
淳安電子股份有限公司,淳安
啟碁科技股份有限公司,啟碁
聯嘉光電股份有限公司,聯嘉
華上光電股份有限公司,華上
悅城科技股份有限公司,悅城
旭隼科技股份有限公司,旭隼
群光電能科技股份有限公司,群電
樺漢科技股份有限公司,樺漢
矽力杰股份有限公司,矽力-KY
瑞祺電通股份有限公司,瑞祺電通
統新光訊股份有限公司,統新
光麗生技控股股份有限公司,光麗-KY
迅得機械股份有限公司,迅得
光紅建聖股份有限公司,光聖
元晶太陽能科技股份有限公司,元晶
鈺邦科技股份有限公司,鈺邦
訊芯科技控股股份有限公司,訊芯-KY
GIS Holding Limited,GIS-KY
台灣數位光訊科技股份有限公司,台數科
安集科技股份有限公司,安集
晶碩光學股份有限公司,晶碩
南六企業股份有限公司,南六
台塑石化股份有限公司,台塑化
穎崴科技股份有限公司,穎崴
捷敏股份有限公司,捷敏-KY
愛普科技股份有限公司,愛普*
晶心科技股份有限公司,晶心科
泰福生技股份有限公司,泰福-KY
易華電子股份有限公司,易華電
興能高科技股份有限公司,興能高
虹揚發展科技股份有限公司,虹揚-KY
研揚科技股份有限公司,研揚
台灣鋼聯股份有限公司,鋼聯
申豐特用應材股份有限公司,申豐
鼎基先進材料股份有限公司,鼎基
動力科技股份有限公司,動力-KY
和潤企業股份有限公司,和潤企業
Applied BioCode Corporation,ABC-KY
帝寶工業股份有限公司,帝寶
必應創造股份有限公司,必應
基士德科技股份有限公司,基士德-KY
科定企業股份有限公司,科定
羅麗芬控股股份有限公司,羅麗芬-KY
中揚光電股份有限公司,中揚光
緯穎科技服務股份有限公司,緯穎
復盛應用科技股份有限公司,復盛應用
三能集團控股股份有限公司,三能-KY
騰輝電子國際集團股份有限公司,騰輝電子-KY
鋐寶科技股份有限公司,鋐寶科技
洋基工程股份有限公司,洋基工程
旭暉應用材料股份有限公司,旭暉應材
惠特科技股份有限公司,惠特
嘉基科技股份有限公司,嘉基
力智電子股份有限公司,力智
安普新股份有限公司,安普新
匯僑室內裝修設計股份有限公司,匯僑設計
威鋒電子股份有限公司,威鋒電子
志強國際企業股份有限公司,志強-KY
力晶積成電子製造股份有限公司,力積電
展碁國際股份有限公司,展碁國際
"AES Holding Co., Ltd.",AES-KY
永豐餘消費品實業股份有限公司,永豐實
詠業科技股份有限公司,詠業
來頡科技股份有限公司,來頡
森崴能源股份有限公司,森崴能源
峰源集團股份有限公司,峰源-KY
台通光電股份有限公司,台通
矽創電子股份有限公司,矽創
尖點科技股份有限公司,尖點
昇陽國際半導體股份有限公司,昇陽半導體
雷虎科技股份有限公司,雷虎
台虹科技股份有限公司,台虹
南亞電路板股份有限公司,南電
長華電材股份有限公司,長華*
陞泰科技股份有限公司,陞泰
致新科技股份有限公司,致新
華冠通訊股份有限公司,華冠
瀚荃股份有限公司,瀚荃
錸寶科技股份有限公司,錸寶
凌巨科技股份有限公司,凌巨
華東科技股份有限公司,華東
至上電子股份有限公司,至上
振樺電子股份有限公司,振樺電
福懋科技股份有限公司,福懋科
南茂科技股份有限公司,南茂
達方電子股份有限公司,達方
無敵科技股份有限公司,無敵
勤誠興業股份有限公司,勤誠
志超科技股份有限公司,志超
明基材料股份有限公司,明基材
寶一科技股份有限公司,寶一
菱光科技股份有限公司,菱光
富鼎先進電子股份有限公司,富鼎
宇瞻科技股份有限公司,宇瞻
日友環保科技股份有限公司,日友
建新國際股份有限公司,建新國際
羅昇企業股份有限公司,羅昇
百和興業股份有限公司(開曼),百和興業-KY
福貞控股股份有限公司,福貞-KY
可寧衛股份有限公司,可寧衛
金麗集團控股有限公司,金麗-KY
昶昕實業股份有限公司,昶昕
威宏控股股份有限公司,威宏-KY
阿瘦實業股份有限公司,阿瘦
富邦媒體科技股份有限公司,富邦媒
柏文健康事業股份有限公司,柏文
潤泰精密材料股份有限公司,潤泰材
億豐綜合工業股份有限公司,億豐
美吉吉國際股份有限公司,美吉吉-KY
波力環球企業股份有限公司,波力-KY
山林水環境工程股份有限公司,山林水
東哥企業股份有限公司,東哥遊艇
泰昇國際(控股)有限公司,泰昇-KY
政伸企業股份有限公司,政伸
商億全球控股有限公司,商億-KY
吉源控股股份有限公司,吉源-KY
鼎炫投資控股股份有限公司,鼎炫-KY
台灣汽電共生股份有限公司,台汽電
新天地國際實業股份有限公司,新天地
高力熱處理工業股份有限公司,高力
美德向邦醫療國際股份有限公司,美德醫療-DR
康師傅控股有限公司,康師傅-DR
泰金寶科技股份有限公司,泰金寶-DR
神州數碼控股有限公司,神州-DR
越南製造加工出口控股有限公司,越南控-DR
明輝環球企業有限公司,明輝-DR
聚亨企業集團(泰國)大眾有限公司,泰聚亨-DR
同方友友控股有限公司,同方友友-DR
晨訊科技集團有限公司,晨訊科-DR
巨騰國際控股有限公司,巨騰-DR
鈺齊國際股份有限公司,鈺齊-KY
台火開發股份有限公司,台火
寶成工業股份有限公司,寶成
大華金屬工業股份有限公司,大華
欣巴巴事業股份有限公司,欣巴巴
統一實業股份有限公司,統一實
大台北區瓦斯股份有限公司,大台北
豐泰企業股份有限公司,豐泰
台灣櫻花股份有限公司,櫻花
偉聯科技股份有限公司,偉聯
美利達工業股份有限公司,美利達
中興保全科技股份有限公司,中保科
欣欣天然氣股份有限公司,欣天然
康那香企業股份有限公司,康那香
巨大機械工業股份有限公司,巨大
台灣福興工業股份有限公司,福興
台灣新光保全股份有限公司,新保
新海瓦斯股份有限公司,新海
泰銘實業股份有限公司,泰銘
中國電視事業股份有限公司,中視
秋雨創新股份有限公司,秋雨
中聯資源股份有限公司,中聯資源
欣高石油氣股份有限公司,欣高
中鼎工程股份有限公司,中鼎
成霖企業股份有限公司,成霖
慶豐富實業股份有限公司,慶豐富
全國加油站股份有限公司,全國
台灣百和工業股份有限公司,百和
宏全國際股份有限公司,宏全
信義房屋股份有限公司,信義
裕融企業股份有限公司,裕融
茂順密封元件科技股份有限公司,茂順
好樂迪股份有限公司,好樂迪
新麗企業股份有限公司,新麗
潤泰創新國際股份有限公司,潤泰新
三發地產股份有限公司(原:金革),三發地產
佳龍科技工程股份有限公司,佳龍
世紀鋼鐵結構股份有限公司,世紀鋼
茂生農經股份有限公司,茂生農經
其祥生物科技控股有限公司,其祥-KY
安心食品服務股份有限公司,安心
德麥食品股份有限公司,德麥
漢來美食股份有限公司,漢來美食
台翰精密科技股份有限公司,台翰
精華光學股份有限公司,精華
濱川企業股份有限公司,濱川
力肯實業股份有限公司,力肯
新麥企業股份有限公司,新麥
精剛精密科技股份有限公司,精剛
和勤精機股份有限公司,和勤
英屬開曼群島商駿吉控股(股)公司,駿吉-KY
祺驊股份有限公司,祺驊
川寶科技股份有限公司,川寶
宏佳騰動力科技股份有限公司,宏佳騰
台灣蠟品股份有限公司,台蠟
生泰合成工業股份有限公司,生泰
合世生醫科技股份有限公司,合世
訊聯生物科技股份有限公司,訊聯
光洋應用材料科技股份有限公司,光洋科
杏昌生技股份有限公司,杏昌
金穎生物科技股份有限公司,金穎生技
易威生醫科技股份有限公司,易威
寶利徠光學科技股份有限公司,寶利徠
富喬工業股份有限公司,富喬
唐榮鐵工廠股份有限公司,唐榮公司
風青實業股份有限公司,風青
世鎧精密股份有限公司,世鎧
晉椿工業股份有限公司,晉椿
世豐螺絲股份有限公司,世豐
世德工業股份有限公司,世德
嘉鋼精密工業股份有限公司,嘉鋼
精湛光學科技股份有限公司,精湛
大甲永和機械工業股份有限公司,大甲
泰茂實業股份有限公司,泰茂
謚源實業股份有限公司,謚源
綠意開發股份有限公司,綠意
台灣大車隊股份有限公司,大車隊
正德海運股份有限公司,正德
捷迅股份有限公司,捷迅
晶悅國際飯店股份有限公司,晶悅
燦星國際旅行社股份有限公司,燦星旅
富驛酒店集團有限公司,富驛-KY
雅茗天地股份有限公司,雅茗-KY
瓦城泰統股份有限公司,瓦城
六角國際事業股份有限公司,六角
易飛網國際旅行社股份有限公司,易飛網
富野大飯店股份有限公司,富野
天蔥國際股份有限公司,天蔥
山富國際旅行社股份有限公司,山富
五福旅行社股份有限公司,五福
豆府股份有限公司,豆府
亞洲藏壽司股份有限公司,亞洲藏壽司
揚秦國際企業股份有限公司,揚秦
聯發國際餐飲事業股份有限公司,聯發國際
滿心企業股份有限公司,滿心
開曼東凌股份有限公司,東凌-KY
誠品生活股份有限公司,誠品生活
集雅社股份有限公司,集雅社
振宇五金股份有限公司,振宇五金
泰偉電子股份有限公司,泰偉
李洲科技股份有限公司,李洲
全域股份有限公司,全域
協禧電機股份有限公司,協禧
天方能源科技股份有限公司,天方能源
僑威科技股份有限公司,僑威
聯亞光電工業股份有限公司,聯亞
中華網龍股份有限公司,網龍
創新新零售股份有限公司,新零售
華義國際數位娛樂股份有限公司,華義
艾訊股份有限公司,艾訊
億杰科技股份有限公司,億杰
台灣港建股份有限公司,港建
及成企業股份有限公司,及成
穩懋半導體股份有限公司,穩懋
好德科技股份有限公司,好德
富育榮綱股份有限公司,富榮綱
進階生物科技股份有限公司,進階
笙泉科技股份有限公司,笙泉
昇銳電子股份有限公司,昇銳
弘塑科技股份有限公司,弘塑
晶宏半導體股份有限公司,晶宏
大綜電腦系統股份有限公司,大綜
璟德電子工業股份有限公司,璟德
精確實業股份有限公司,精確
波若威科技股份有限公司,波若威
亞信電子股份有限公司,亞信
新洲全球股份有限公司,新洲
基亞生物科技股份有限公司,基亞
公準精密工業股份有限公司,公準
鑫龍騰開發股份有限公司,鑫龍騰
和進電子股份有限公司,和進
樺晟電子股份有限公司,樺晟
佰研生化科技股份有限公司,佰研
志豐電子股份有限公司,志豐
耀勝電子股份有限公司,耀勝
順達科技股份有限公司,順達
茂訊電腦股份有限公司,茂訊
優群科技股份有限公司,優群
大學光學科技股份有限公司,大學光
倚強科技股份有限公司,倚強科
台灣嘉碩科技股份有限公司,台嘉碩
三顧股份有限公司,三顧
至寶光電股份有限公司,至寶電
原相科技股份有限公司,原相
金麗科技股份有限公司,金麗科
錦明實業股份有限公司,錦明
昱捷股份有限公司,昱捷
光環科技股份有限公司,光環
千如電機工業股份有限公司,千如
海灣國際開發(股)公司,海灣
鑫創科技股份有限公司,鑫創
威剛科技股份有限公司,威剛
欣銓科技股份有限公司,欣銓
台星科股份有限公司,台星科
海德威電子工業股份有限公司,海德威
東碩資訊股份有限公司,東碩
宇環科技股份有限公司,宇環
太普高精密影像股份有限公司,太普高
微端科技股份有限公司,微端
廣寰科技股份有限公司,廣寰科
點晶科技股份有限公司,點晶
宜特科技股份有限公司,宜特
東浦精密光電股份有限公司,東浦
鈊象電子股份有限公司,鈊象
英濟股份有限公司,英濟
杭特電子股份有限公司,杭特
岱稜科技股份有限公司,岱稜
鼎天國際股份有限公司,鼎天
佳穎精密企業股份有限公司,佳穎
斐成企業股份有限公司,斐成
尼克森微電子股份有限公司,尼克森
建舜電子製造股份有限公司,建舜電
加百裕工業股份有限公司,加百裕
雙鴻科技股份有限公司,雙鴻
旭品科技股份有限公司,旭品
幸康電子股份有限公司,幸康
泰谷光電科技股份有限公司,泰谷
寶德科技股份有限公司,寶德
律勝科技股份有限公司,律勝
西北臺慶科技股份有限公司,臺慶科
尚立股份有限公司,尚立
先進光電科技股份有限公司,先進光
上詮光纖通信股份有限公司,上詮
台灣典範半導體股份有限公司,典範
熱映光電股份有限公司,熱映
精材科技股份有限公司,精材
彬台科技股份有限公司,彬台
崇越電通股份有限公司,崇越電
旭軟電子科技股份有限公司,旭軟
漢科系統科技股份有限公司,漢科
台興電子企業股份有限公司,台興
哲固資訊科技股份有限公司,哲固
台灣類比科技股份有限公司,類比科
聯一光電股份有限公司,聯一光電
利機企業股份有限公司,利機
由田新技股份有限公司,由田
進泰電子科技股份有限公司,進泰電子
致振企業股份有限公司,致振
安勤科技股份有限公司,安勤
力致科技股份有限公司,力致
崧騰企業股份有限公司,崧騰
森寶開發股份有限公司,森寶
單井工業股份有限公司,單井
昇達科技股份有限公司,昇達科
長盛科技股份有限公司,長盛
陽程科技股份有限公司,陽程
環天世通科技股份有限公司,環天科
位速科技股份有限公司,位速
矽瑪科技股份有限公司,矽瑪
皇龍開發股份有限公司,皇龍
亞帝歐光電股份有限公司,亞帝歐
華盈電子股份有限公司,華盈
鴻翊國際股份有限公司,鴻翊
御頂國際股份有限公司,御頂
迎輝科技股份有限公司,迎輝
凡甲科技股份有限公司,凡甲
聚積科技股份有限公司,聚積
力旺電子股份有限公司,力旺
先益電子工業股份有限公司,先益
堡達實業股份有限公司,堡達
曜越科技股份有限公司,曜越
西柏科技股份有限公司,西柏
宇峻奧汀科技股份有限公司,宇峻
兆利科技工業股份有限公司,兆利
世禾科技股份有限公司,世禾
同致電子企業股份有限公司,同致
重鵬生技股份有限公司,重鵬
禾瑞亞科技股份有限公司,禾瑞亞
神準科技股份有限公司,神準
其陽科技股份有限公司,其陽
逸昌科技股份有限公司,逸昌
大塚資訊科技股份有限公司,大塚
泓格科技股份有限公司,泓格
友威科技股份有限公司,友威科
博磊科技股份有限公司,博磊
閎康科技股份有限公司,閎康
磐儀科技股份有限公司,磐儀
映興電子股份有限公司,映興
三一東林科技股份有限公司,三一東林
鼎翰科技股份有限公司,鼎翰
安可光電股份有限公司,安可
富晶通科技股份有限公司,富晶通
光頡科技股份有限公司,光頡
西勝國際股份有限公司,西勝
盈正豫順電子股份有限公司,盈正
地心引力股份有限公司,地心引力
新鉅科技股份有限公司,新鉅科
晟楠科技股份有限公司,晟楠
研勤科技股份有限公司,研勤
駿熠電子科技股份有限公司,駿熠電
艾恩特精密工業股份有限公司,艾恩特
精聯電子股份有限公司,精聯
鑫科材料科技股份有限公司,鑫科
安瑞科技股份有限公司,安瑞-KY
光耀科技股份有限公司,光耀
康聯訊科技股份有限公司,康聯訊
德微科技股份有限公司,德微
家登精密工業股份有限公司,家登
榮昌科技股份有限公司,榮昌
元創精密車業股份有限公司,元創精密
茂為歐買尬數位科技股份有限公司,歐買尬
湧德電子股份有限公司,湧德
碩禾電子材料股份有限公司,碩禾
營邦企業股份有限公司,營邦
漢磊科技股份有限公司,漢磊
鑫聯大投資控股股份有限公司,鑫聯大投控
連展投資控股股份有限公司,連展投控
新晶投資控股股份有限公司,新晶投控
永日化學工業股份有限公司,永日
台灣東洋藥品工業股份有限公司,東洋
邦特生物科技股份有限公司,邦特
加捷生醫股份有限公司,加捷生醫
濟生醫藥生技股份有限公司,濟生
聯上實業股份有限公司,聯上
健喬信元醫藥生技股份有限公司,健喬
明基三豐醫療器材股份有限公司,明基醫
友華生技醫藥股份有限公司,友華
優盛醫學科技股份有限公司,優盛
晟德大藥廠股份有限公司,晟德
太平洋醫材股份有限公司,太醫
天良生物科技企業股份有限公司,天良
中天生物科技股份有限公司,中天
聯合骨科器材股份有限公司,聯合
健亞生物科技股份有限公司,健亞
晶宇生物科技實業股份有限公司,晶宇
曜亞國際股份有限公司,曜亞
馬光保健控股股份有限公司,馬光-KY
中裕新藥股份有限公司,中裕
鈺緯科技開發股份有限公司,鈺緯
樂威科股份有限公司,樂威科-KY
太景醫藥研發控股股份有限公司,太景*-KY
創源生物科技股份有限公司,創源
聿新生物科技股份有限公司,聿新科
智擎生技製藥股份有限公司,智擎
鐿鈦科技股份有限公司,鐿鈦
松瑞製藥股份有限公司,松瑞藥
台灣醣聯生技醫藥股份有限公司,醣聯
瑞基海洋生物科技股份有限公司,瑞基
久裕企業股份有限公司,久裕
台灣浩鼎生技股份有限公司,浩鼎
杏一醫療用品股份有限公司,杏一
福永生物科技股份有限公司,福永生技
安克生醫股份有限公司,安克
杏國新藥股份有限公司,杏國
欣大健康投資控股股份有限公司,欣大健康
中華食品實業股份有限公司,中華食
環泰企業股份有限公司,環泰
信立化學工業股份有限公司,信立
勝昱科技股份有限公司,勝昱
世坤塑膠股份有限公司,世坤
東隆興業股份有限公司,東隆興
福大材料科技股份有限公司,福大
新昕纖維股份有限公司,新昕纖
飛寶企業股份有限公司,飛寶企業
三圓建設股份有限公司,三圓
金洲海洋科技股份有限公司,金洲
元勝國際實業股份有限公司,元勝
光明絲織廠股份有限公司,光明
聚紡股份有限公司,聚紡
耀億工業股份有限公司,耀億
銘旺實業股份有限公司,銘旺實
興采實業股份有限公司,興采
健信科技工業股份有限公司,健信
金雨企業股份有限公司,金雨
崇友實業(股)公司,崇友
高鋒工業股份有限公司,高鋒
福裕事業股份有限公司,福裕
永彰機電股份有限公司,永彰
(方方土)霖冷凍機械股份有限公司,方方土霖
江興鍛壓工業股份有限公司,江興鍛
淳紳股份有限公司,淳紳
宏易創新國際股份有限公司,宏易
協易機械工業股份有限公司,協易機
慶騰精密科技股份有限公司,慶騰
至興精機股份有限公司,至興
大詠城機械股份有限公司,大詠城
晟田科技工業股份有限公司,晟田
科嶠工業股份有限公司,科嶠
萬在工業股份有限公司,萬在
桓達科技股份有限公司,桓達
長佳機電工程股份有限公司,長佳
橙的電子股份有限公司,橙的
旭然國際股份有限公司,旭然
寶緯工業股份有限公司,寶緯
健椿工業股份有限公司,健椿
百德機械股份有限公司,百德
科際精密股份有限公司,科際精密
捷流閥業股份有限公司,捷流閥業
唐鋒實業股份有限公司,唐鋒
中美聯合實業股份有限公司,中美實
大恭化學工業股份有限公司,大恭
磐亞股份有限公司,磐亞
永純化學工業股份有限公司,永純
南璋股份有限公司,南璋
永捷創新科技股份有限公司,永捷
大立高分子工業股份有限公司,大立
美琪瑪國際股份有限公司,美琪瑪
永昕生物醫藥股份有限公司,永昕
雙美生物科技股份有限公司,雙美
熒茂光學股份有限公司,熒茂
豪展醫療科技股份有限公司,豪展
泰博科技股份有限公司,泰博
泓瀚科技股份有限公司,泓瀚
合一生技股份有限公司,合一
皇將科技股份有限公司,皇將
合富醫療控股股份有限公司,合富-KY
強生化學製藥廠股份有限公司,強生
國碳科技股份有限公司,國碳科
勤凱科技股份有限公司,勤凱科技
誠泰工業科技股份有限公司,誠泰科技
晶呈科技股份有限公司,晶呈科技
大略國際控股有限公司,大略-KY
昇華娛樂傳播股份有限公司,昇華
聯合光纖通信股份有限公司,聯光通
台聯電訊股份有限公司,台聯電
富宇地產股份有限公司,富宇
前鼎光電股份有限公司,前鼎
新復興微波通訊股份有限公司,新復興
德英生物科技股份有限公司,德英
力士科技股份有限公司,力士
欣厚科技股份有限公司,欣厚-KY
新盛力科技股份有限公司,新盛力
友輝光電股份有限公司,友輝
亞洲電材股份有限公司,亞電
兆遠科技股份有限公司,兆遠
陞達科技股份有限公司,陞達科技
紅心辣椒娛樂科技股份有限公司,辣椒
牧東光電股份有限公司,牧東
緯創軟體股份有限公司,緯軟
譜瑞科技股份有限公司,譜瑞-KY
英特磊科技股份有限公司,IET-KY
湯石照明科技股份有限公司,湯石照明
廣穎電通股份有限公司,廣穎電通
亞泰影像科技股份有限公司,亞泰
華星光通科技股份有限公司,華星光
科誠股份有限公司,科誠
環宇通訊半導體控股股份有限公司,環宇-KY
晶達光電股份有限公司,晶達
榮剛材料科技股份有限公司,榮剛
久陽精密股份有限公司,久陽
強新工業股份有限公司,強新
建錩實業股份有限公司,建錩
華祺工業股份有限公司,華祺
松和工業股份有限公司,松和
富強輪胎工廠股份有限公司,富強
凱衛資訊股份有限公司,凱衛
力新國際科技股份有限公司,力新
中茂能資系統整合科技(股)公司,中茂
坤悅開發股份有限公司,坤悅
新鼎系統股份有限公司,新鼎
寶碩財務科技股份有限公司,寶碩
蒙恬科技股份有限公司,蒙恬
凌網科技股份有限公司,凌網
亞昕國際開發股份有限公司,亞昕
萬達光電科技股份有限公司,萬達光電
安力國際股份有限公司,安力-KY
蓋曼立凱電能科技(股)公司,立凱-KY
雷笛克光學股份有限公司,雷笛克光學
凌陽創新科技股份有限公司,凌陽創新
智晶光電股份有限公司,智晶
天鉞電子股份有限公司,天鉞電
智崴資訊科技股份有限公司,智崴
笙科電子股份有限公司,笙科
信驊科技股份有限公司,信驊
達輝股份有限公司,達輝-KY
尚凡國際創新科技股份有限公司,尚凡
大峽谷半導體照明系統(開曼),大峽谷-KY
數字科技股份有限公司,數字
宜鼎國際股份有限公司,宜鼎
邑昇實業股份有限公司,邑昇
杰力科技股份有限公司,杰力
寶得利國際股份有限公司,寶得利
太欣半導體股份有限公司,太欣
系統電子工業股份有限公司,系統電
天剛資訊股份有限公司,天剛
寶島光學科技股份有限公司,寶島科
世紀民生科技股份有限公司,世紀
光聯科技股份有限公司,光聯
美而快國際股份有限公司,美而快
士林開發股份有限公司,士開
華容股份有限公司,華容
建榮工業材料股份有限公司,建榮
立衛科技股份有限公司,立衛
天揚精密科技股份有限公司,天揚
世界先進積體電路股份有限公司,世界
系通科技股份有限公司,系通
鈺創科技股份有限公司,鈺創
台林電通股份有限公司,台林
佳總興業股份有限公司,佳總
協益電子股份有限公司,協益
力麗觀光開發股份有限公司,力麗店
中強光電股份有限公司,中光電
合正科技股份有限公司,合正
金利精密工業股份有限公司,金利
青雲國際科技股份有限公司,青雲
能率創新股份有限公司,能率
慕康生技醫藥股份有限公司,慕康生醫
中菲電腦股份有限公司,中菲
國眾電腦股份有限公司,國眾
台灣半導體股份有限公司,台半
振發實業股份有限公司,振發
新門科技股份有限公司,新門
東友科技股份有限公司,東友
高技企業股份有限公司,高技
均豪精密工業股份有限公司,均豪
南良國際股份有限公司,南良
佶優科技股份有限公司,佶優
昇益開發股份有限公司,昇益
宣德科技股份有限公司,宣德
同協電子股份有限公司,同協
霖宏科技股份有限公司,霖宏
富驊企業股份有限公司,富驊
凱鈺科技股份有限公司,凱鈺
聰泰科技開發股份有限公司,聰泰
德宏工業股份有限公司,德宏
智冠科技股份有限公司,智冠
新華泰富股份有限公司,新華
中美矽晶製品股份有限公司,中美晶
通泰積體電路股份有限公司,通泰
松普科技股份有限公司,松普
彩富電子股份有限公司,彩富
同亨科技股份有限公司,同亨
三聯科技股份有限公司,三聯
凱崴電子股份有限公司,凱崴
永信建設開發股份有限公司,永信建
德昌營造股份有限公司,德昌
力麒建設股份有限公司,力麒
三豐建設股份有限公司,三豐
雙喜營造股份有限公司,雙喜
力泰建設企業股份有限公司,力泰
豐謙建設股份有限公司,豐謙
鉅陞國際開發股份有限公司,鉅陞
龍巖股份有限公司,龍巖
聖暉工程科技股份有限公司,聖暉
桓鼎股份有限公司,桓鼎-KY
臺聯貨櫃通運股份有限公司,台聯櫃
陸海股份有限公司,陸海
中連誠企業股份有限公司,中連
中菲行國際物流股份有限公司,中菲行
劍湖山世界股份有限公司,劍湖山
亞都麗緻大飯店股份有限公司,亞都麗緻
知本老爺大酒店股份有限公司,老爺知
日盛金融控股股份有限公司,日盛金
致和證券股份有限公司,致和證
台名保險經紀人股份有限公司,台名
德記洋行股份有限公司,德記
全家便利商店股份有限公司,全家
寶雅國際股份有限公司,寶雅
南仁湖育樂股份有限公司,南仁湖
宏遠證券股份有限公司,宏遠證
康和綜合證券股份有限公司,康和證
大展證券股份有限公司,大展證
美好證券股份有限公司,美好證
元大期貨股份有限公司,元大期貨
福邦證券股份有限公司,福邦證
寬魚國際股份有限公司,寬魚國際
合邦電子股份有限公司,合邦
創惟科技股份有限公司,創惟
亞元科技股份有限公司,亞元
大宇資訊股份有限公司,大宇資
亞矽科技股份有限公司,亞矽
久威國際股份有限公司,久威
建達國際股份有限公司,建達
新普科技股份有限公司,新普
擎邦國際科技工程股份有限公司,擎邦
上奇科技股份有限公司,上奇
業強科技股份有限公司,業強
廣運機械工程股份有限公司,廣運
信音企業股份有限公司,信音
九豪精密陶瓷股份有限公司,九豪
普誠科技股份有限公司,普誠
星寶國際股份有限公司,星寶國際
萬旭電業股份有限公司,萬旭
茂達電子股份有限公司,茂達
訊達電腦股份有限公司,訊達電腦
振曜科技股份有限公司,振曜
得利影視股份有限公司,得利影
耕興股份有限公司,耕興
頎邦科技股份有限公司,頎邦
驊宏資通股份有限公司,驊宏資
撼訊科技股份有限公司,撼訊
晉倫科技股份有限公司,晉倫
順發電腦股份有限公司,順發
松上電子股份有限公司,松上
禾昌興業股份有限公司,禾昌
欣技資訊股份有限公司,欣技
捷波資訊股份有限公司,捷波
華電聯網股份有限公司,華電網
久正光電股份有限公司,久正
昱泉國際股份有限公司,昱泉
統振股份有限公司,統振
大城地產股份有限公司,大城地產
信昌電子陶瓷股份有限公司,信昌電
安碁科技股份有限公司,安碁
立敦科技(股)有限公司,立敦
亞通利大能源股份有限公司,亞通
遊戲橘子數位科技股份有限公司,橘子
合晶科技股份有限公司,合晶
幃翔精密股份有限公司,幃翔
新潤興業股份有限公司,新潤
萬潤科技股份有限公司,萬潤
廣明光電股份有限公司,廣明
萬泰科技股份有限公司,萬泰科
育富電子股份有限公司,育富
詩肯股份有限公司,詩肯
凌泰科技股份有限公司,凌泰
天品聯合企業股份有限公司,天品
海韻電子工業股份有限公司,海韻電
台灣艾華電子工業股份有限公司,艾華
雷科股份有限公司,雷科
日揚科技股份有限公司,日揚
慶生電子股份有限公司,慶生
理銘開發股份有限公司,理銘
中國探針股份有限公司,中探針
豪勉科技股份有限公司,豪勉
富旺國際開發股份有限公司,富旺
岳豐科技股份有限公司,岳豐
晉泰科技股份有限公司,晉泰
上揚科技股份有限公司,上揚
旺矽科技股份有限公司,旺矽
茂綸股份有限公司,茂綸
全譜科技股份有限公司,全譜
研通科技股份有限公司,研通
系微股份有限公司,系微
旺玖科技股份有限公司,旺玖
高僑自動化科技股份有限公司,高僑
康呈生醫科技股份有限公司,康呈
驊訊電子企業股份有限公司,驊訊
松崗數位文創股份有限公司,松崗
易通展科技股份有限公司(原享承),易通展
立康生醫事業股份有限公司,立康
茂迪股份有限公司,茂迪
立端科技股份有限公司,立端
臺龍電子股份有限公司,臺龍
淇譽電子科技股份有限公司,淇譽電
沛波鋼鐵股份有限公司,沛波
百徽股份有限公司,百徽
久元電子股份有限公司,久元
普萊德科技股份有限公司,普萊德
富裔實業股份有限公司,富裔
方土昶股份有限公司,方土昶
泰詠電子股份有限公司,泰詠
倍微科技股份有限公司,倍微
台燿科技股份有限公司,台燿
元山科技工業股份有限公司,元山
安鈦克科技股份有限公司,安鈦克
胡連精密股份有限公司,胡連
佳邦科技股份有限公司,佳邦
元隆電子股份有限公司,元隆
良維科技股份有限公司,良維
沛亨半導體股份有限公司,沛亨
迅德興業股份有限公司,迅德
智基科技開發股份有限公司,智基
中國通訊多媒體集團有限公司,通訊-KY
晶焱科技股份有限公司,晶焱
韋僑科技股份有限公司,韋僑
詠昇電子股份有限公司,詠昇
京晨科技股份有限公司,京晨科
易發精機股份有限公司,易發
今展科技股份有限公司,今展科
大中積體電路股份有限公司,大中
廣錠科技股份有限公司,廣錠
藥華醫藥股份有限公司,藥華藥
紘康科技股份有限公司,紘康
益得生物科技股份有限公司,益得
神盾股份有限公司,神盾
威潤科技股份有限公司,威潤
大樹醫藥股份有限公司,大樹
宇智網通股份有限公司,宇智
保瑞藥業股份有限公司,保瑞
弘煜科技事業股份有限公司,弘煜科
點序科技股份有限公司,點序
互動國際數位股份有限公司,互動
環球晶圓股份有限公司,環球晶
生華生物科技股份有限公司,生華科
九齊科技股份有限公司,九齊
科懋生物科技股份有限公司,科懋
益安生醫股份有限公司,益安
雙邦實業股份有限公司,雙邦
惠光股份有限公司,惠光
聚和國際股份有限公司,聚和
中華精測科技股份有限公司,精測
啟發電子股份有限公司,啟發電
芮特科技股份有限公司,芮特-KY
勤崴國際科技股份有限公司,勤崴國際
達爾膚生醫科技股份有限公司,達爾膚
明達醫學科技股份有限公司,明達醫
創威光電股份有限公司,創威
瑞耘科技股份有限公司,瑞耘
順天醫藥生技股份有限公司,順藥
倉和股份有限公司,倉和
隆中網絡股份有限公司,隆中
高端疫苗生物製劑股份有限公司,高端疫苗
長華科技股份有限公司,長科*
勝品電通股份有限公司,勝品
欣普羅光電股份有限公司,欣普羅
是方電訊股份有限公司,是方
宏觀微電子股份有限公司,宏觀
醫揚科技股份有限公司,醫揚
維田科技股份有限公司,維田
霈方國際股份有限公司,霈方
逸達生物科技股份有限公司,逸達
勁豐電子股份有限公司,勁豐
達邦蛋白股份有限公司,達邦蛋白
東典光電科技股份有限公司,東典
台康生技股份有限公司,台康生技
普鴻資訊股份有限公司,普鴻
台灣銘板股份有限公司,台灣銘板
展匯科技股份有限公司,展匯科
寬宏藝術經紀股份有限公司,寬宏藝術
富強鑫精密工業股份有限公司,富強鑫
台灣瀧澤科技股份有限公司,瀧澤科
應用奈米醫材科技股份有限公司,奈米醫材
朋億股份有限公司,朋億
慧智基因股份有限公司,慧智
特昇國際股份有限公司,特昇-KY
萬年清環境工程股份有限公司,萬年清
泰金投資控股股份有限公司,泰金-KY
均華精密工業股份有限公司,均華
富致科技股份有限公司,富致
&#20870;星科技股份有限公司,M31
台灣生醫材料股份有限公司,台生材
全宇昕科技股份有限公司,全宇昕
天正國際精密機械股份有限公司,天正國際
威健股份有限公司,威健生技
樂斯科生物科技股份有限公司,樂斯科
群翊工業股份有限公司,群翊
信紘科技股份有限公司,信紘科
鈺太科技股份有限公司,鈺太
鑫創電子股份有限公司,鑫創電子
雍智科技股份有限公司,雍智科技
安格科技股份有限公司,安格
安碁資訊股份有限公司,安碁資訊
廣閎科技股份有限公司,廣閎科
東捷資訊服務股份有限公司,東捷資訊
軒郁國際股份有限公司,軒郁
長聖國際生技股份有限公司,長聖
應廣科技股份有限公司,應廣
信實保全股份有限公司,信實
亞泰金屬工業股份有限公司,亞泰金屬
上洋產業股份有限公司,上洋
昇佳電子股份有限公司,昇佳電子
博晟生醫股份有限公司,博晟生醫
美達科技股份有限公司,美達科技
"91APP, Inc.",91APP*-KY
亨泰光學股份有限公司,亨泰光
智聯服務股份有限公司,智聯服務
叡揚資訊股份有限公司,叡揚
穩得實業股份有限公司,穩得
達亞國際股份有限公司,達亞
綠界科技股份有限公司,綠界科技
台灣微創醫療器材股份有限公司,台微醫
華景電通股份有限公司,華景電
崑鼎投資控股股份有限公司,崑鼎投控
明係事業股份有限公司,明係
千附精密股份有限公司,千附精密
邑錡股份有限公司,邑錡
意德士科技股份有限公司,意德士科技
佑華微電子股份有限公司,佑華
鈦昇科技股份有限公司,鈦昇
光菱電子股份有限公司,光菱
榮群電訊股份有限公司,榮群
長園科技實業股份有限公司,長園科
九暘電子股份有限公司,九暘
臺灣金山電子工業股份有限公司,金山電
蜜望實企業股份有限公司,蜜望實
網路家庭國際資訊股份有限公司,網家
星雲電腦股份有限公司,星雲
德勝科技股份有限公司,德勝
晶采光電科技股份有限公司,晶采
廣積科技股份有限公司,廣積
安國國際科技股份有限公司,安國
凱碩科技股份有限公司,凱碩
東捷科技股份有限公司,東捷
來思達國際企業股份有限公司,來思達
志旭國際股份有限公司,志旭
全達國際股份有限公司,全達
元太科技工業股份有限公司,元太
能率網通股份有限公司,能率網通
鉅橡企業股份有限公司,鉅橡
伍豐科技股份有限公司,伍豐
洛碁實業股份有限公司,洛碁
永利聯合股份有限公司,永利聯合
瑞穎股份有限公司,瑞穎
巨虹電子股份有限公司,巨虹
福華電子股份有限公司,福華
宏捷科技股份有限公司,宏捷科
華鎂鑫科技股份有限公司,華鎂鑫
品安科技股份有限公司,品安
康全電訊股份有限公司,康全電訊
翔名科技股份有限公司,翔名
建暐精密科技股份有限公司,建暐
保銳科技股份有限公司,保銳
擎亞電子股份有限公司,擎亞
常珵科技股份有限公司,常珵
大同世界科技股份有限公司,大世科
大億金茂股份有限公司,大億金茂
博大科技股份有限公司,博大
立碁電子工業股份有限公司,立碁
越峰電子材料股份有限公司,越峰
正淩精密工業股份有限公司,正淩
博智電子股份有限公司,博智
天宇工業股份有限公司,天宇
智捷科技股份有限公司,智捷
加高電子股份有限公司,加高
台灣精星科技股份有限公司,精星
新漢股份有限公司,新漢
華宏新技股份有限公司,華宏
朋程科技股份有限公司,朋程
商丞科技股份有限公司,商丞
生展生物科技股份有限公司,生展
三竹資訊股份有限公司,三竹
泰藝電子股份有限公司,泰藝
尚茂電子材料股份有限公司,尚茂
群聯電子股份有限公司,群聯
益張實業股份有限公司,益張
恒耀國際股份有限公司,恒耀國際
冠好科技股份有限公司,冠好
金居開發股份有限公司,金居
千附實業股份有限公司,千附
金益鼎企業股份有限公司,金益鼎
白紗科技印刷股份有限公司,白紗科
盛弘醫藥股份有限公司,盛弘
商之器科技股份有限公司,商之器
森田印刷廠股份有限公司,森田
大成國際鋼鐵股份有限公司,大國鋼
實威國際股份有限公司,實威
捷必勝控股股份有限公司,捷必勝-KY
明揚國際科技股份有限公司,明揚
旭源包裝科技股份有限公司,旭源
保綠資源股份有限公司,保綠-KY
惠普股份有限公司,惠普
紅木集團有限公司,紅木-KY
匯鑽科技股份有限公司,匯鑽科
東生華製藥股份有限公司,東生華
弘帆股份有限公司,弘帆
台灣鉅邁股份有限公司,鉅邁
大江生醫股份有限公司,大江
大地幼教股份有限公司,大地-KY
綠電再生股份有限公司,綠電
綠河股份有限公司,綠河-KY
華研國際音樂股份有限公司,華研
霹靂國際多媒體股份有限公司,霹靂
蓋曼群島商日本大拓股份有限公司,大拓-KY
夠麻吉股份有限公司,夠麻吉
台境企業股份有限公司,台境
創業家兄弟股份有限公司,創業家
三貝德數位文創股份有限公司,三貝德
裕國冷凍冷藏股份有限公司,裕國
花王企業股份有限公司,花王
欣雄天然氣股份有限公司,欣雄
光隆實業股份有限公司,光隆
欣泰石油氣股份有限公司,欣泰
沈氏藝術印刷股份有限公司,沈氏
時報文化出版企業股份有限公司,時報
大田精密工業股份有限公司,大田
北基國際股份有限公司,北基
鉅明股份有限公司,鉅明
富堡工業股份有限公司,富堡
青鋼應用材料股份有限公司,青鋼
大園汽電共生股份有限公司,大汽電
宏大拉鍊股份有限公司,宏大
愛地雅工業股份有限公司,愛地雅
邦泰複合材料股份有限公司,邦泰
國統國際股份有限公司,國統
合騏工業股份有限公司,合騏
明安國際企業股份有限公司,明安
關中股份有限公司,關中
森鉅科技材料股份有限公司,森鉅
琉園股份有限公司,琉園
萬國通路股份有限公司,萬國通
皇田工業股份有限公司,皇田
邁達康網路事業股份有限公司,邁達康
有益鋼鐵股份有限公司,有益
茂生農經,
其祥-KY,
安心,
德麥,
漢來美食,
台翰,
精華,
濱川,
力肯,
新麥,
精剛,
和勤,
駿吉-KY,
祺驊,
川寶,
宏佳騰,
台蠟,
生泰,
合世,
訊聯,
光洋科,
杏昌,
金穎生技,
易威,
寶利徠,
富喬,
唐榮公司,
風青,
世鎧,
晉椿,
世豐,
世德,
嘉鋼,
精湛,
大甲,
泰茂,
謚源,
綠意,
大車隊,
正德,
捷迅,
晶悅,
燦星旅,
富驛-KY,
雅茗-KY,
瓦城,
六角,
易飛網,
富野,
天蔥,
山富,
五福,
豆府,
亞洲藏壽司,
揚秦,
聯發國際,
滿心,
東凌-KY,
誠品生活,
集雅社,
振宇五金,
泰偉,
李洲,
全域,
協禧,
天方能源,
僑威,
聯亞,
網龍,
新零售,
華義,
艾訊,
億杰,
港建,
及成,
穩懋,
好德,
富榮綱,
進階,
笙泉,
昇銳,
弘塑,
晶宏,
大綜,
璟德,
精確,
波若威,
亞信,
新洲,
基亞,
公準,
鑫龍騰,
和進,
樺晟,
佰研,
志豐,
耀勝,
順達,
茂訊,
優群,
大學光,
倚強科,
台嘉碩,
三顧,
至寶電,
原相,
金麗科,
錦明,
昱捷,
光環,
千如,
海灣,
鑫創,
威剛,
欣銓,
台星科,
海德威,
東碩,
宇環,
太普高,
微端,
廣寰科,
點晶,
宜特,
東浦,
鈊象,
英濟,
杭特,
岱稜,
鼎天,
佳穎,
斐成,
尼克森,
建舜電,
加百裕,
雙鴻,
旭品,
幸康,
泰谷,
寶德,
律勝,
臺慶科,
尚立,
先進光,
上詮,
典範,
熱映,
精材,
彬台,
崇越電,
旭軟,
漢科,
台興,
哲固,
類比科,
聯一光電,
利機,
由田,
進泰電子,
致振,
安勤,
力致,
崧騰,
森寶,
單井,
昇達科,
長盛,
陽程,
環天科,
位速,
矽瑪,
皇龍,
亞帝歐,
華盈,
鴻翊,
御頂,
迎輝,
凡甲,
聚積,
力旺,
先益,
堡達,
曜越,
西柏,
宇峻,
兆利,
世禾,
同致,
重鵬,
禾瑞亞,
神準,
其陽,
逸昌,
大塚,
泓格,
友威科,
博磊,
閎康,
磐儀,
映興,
三一東林,
鼎翰,
安可,
富晶通,
光頡,
西勝,
盈正,
地心引力,
新鉅科,
晟楠,
研勤,
駿熠電,
艾恩特,
精聯,
鑫科,
安瑞-KY,
光耀,
康聯訊,
德微,
家登,
榮昌,
元創精密,
歐買尬,
湧德,
碩禾,
營邦,
漢磊,
鑫聯大投控,
連展投控,
新晶投控,
永日,
東洋,
邦特,
加捷生醫,
濟生,
聯上,
健喬,
明基醫,
友華,
優盛,
晟德,
太醫,
天良,
中天,
聯合,
健亞,
晶宇,
曜亞,
馬光-KY,
中裕,
鈺緯,
樂威科-KY,
太景*-KY,
創源,
聿新科,
智擎,
鐿鈦,
松瑞藥,
醣聯,
瑞基,
久裕,
浩鼎,
杏一,
福永生技,
安克,
杏國,
欣大健康,
中華食,
環泰,
信立,
勝昱,
世坤,
東隆興,
福大,
新昕纖,
飛寶企業,
三圓,
金洲,
元勝,
光明,
聚紡,
耀億,
銘旺實,
興采,
健信,
金雨,
崇友,
高鋒,
福裕,
永彰,
方方土霖,
江興鍛,
淳紳,
宏易,
協易機,
慶騰,
至興,
大詠城,
晟田,
科嶠,
萬在,
桓達,
長佳,
橙的,
旭然,
寶緯,
健椿,
百德,
科際精密,
捷流閥業,
唐鋒,
中美實,
大恭,
磐亞,
永純,
南璋,
永捷,
大立,
美琪瑪,
永昕,
雙美,
熒茂,
豪展,
泰博,
泓瀚,
合一,
皇將,
合富-KY,
強生,
國碳科,
勤凱科技,
誠泰科技,
晶呈科技,
昇華,
聯光通,
台聯電,
富宇,
前鼎,
新復興,
德英,
力士,
欣厚-KY,
新盛力,
友輝,
亞電,
兆遠,
陞達科技,
辣椒,
牧東,
緯軟,
譜瑞-KY,
IET-KY,
湯石照明,
廣穎電通,
亞泰,
華星光,
科誠,
環宇-KY,
晶達,
榮剛,
久陽,
強新,
建錩,
華祺,
松和,
富強,
凱衛,
力新,
中茂,
坤悅,
新鼎,
寶碩,
蒙恬,
凌網,
亞昕,
萬達光電,
安力-KY,
立凱-KY,
鈺鎧,
雷笛克光學,
凌陽創新,
智晶,
天鉞電,
智崴,
笙科,
信驊,
達輝-KY,
尚凡,
大峽谷-KY,
數字,
宜鼎,
邑昇,
杰力,
寶得利,
太欣,
系統電,
天剛,
寶島科,
世紀,
光聯,
美而快,
士開,
華容,
建榮,
立衛,
天揚,
世界,
系通,
鈺創,
台林,
佳總,
協益,
力麗店,
中光電,
合正,
金利,
青雲,
能率,
慕康生醫,
中菲,
國眾,
台半,
振發,
新門,
東友,
高技,
均豪,
南良,
佶優,
昇益,
宣德,
同協,
霖宏,
富驊,
凱鈺,
聰泰,
德宏,
智冠,
新華,
中美晶,
通泰,
松普,
彩富,
同亨,
三聯,
凱崴,
永信建,
德昌,
力麒,
三豐,
雙喜,
力泰,
豐謙,
鉅陞,
龍巖,
聖暉,
桓鼎-KY,
台聯櫃,
陸海,
中連,
中菲行,
劍湖山,
亞都麗緻,
老爺知,
台名,
德記,
全家,
寶雅,
南仁湖,
寬魚國際,
合邦,
創惟,
亞元,
大宇資,
亞矽,
久威,
建達,
新普,
擎邦,
上奇,
業強,
廣運,
信音,
九豪,
普誠,
星寶國際,
萬旭,
茂達,
訊達電腦,
振曜,
得利影,
耕興,
頎邦,
驊宏資,
撼訊,
晉倫,
順發,
松上,
禾昌,
欣技,
捷波,
華電網,
久正,
昱泉,
統振,
大城地產,
信昌電,
安碁,
立敦,
亞通,
橘子,
合晶,
幃翔,
新潤,
萬潤,
廣明,
萬泰科,
育富,
詩肯,
凌泰,
天品,
海韻電,
艾華,
雷科,
日揚,
慶生,
理銘,
中探針,
豪勉,
富旺,
岳豐,
晉泰,
上揚,
旺矽,
茂綸,
全譜,
研通,
系微,
旺玖,
高僑,
康呈,
驊訊,
松崗,
易通展,
立康,
茂迪,
立端,
臺龍,
淇譽電,
沛波,
百徽,
久元,
普萊德,
富裔,
方土昶,
泰詠,
倍微,
台燿,
元山,
安鈦克,
胡連,
佳邦,
元隆,
良維,
沛亨,
迅德,
智基,
通訊-KY,
晶焱,
韋僑,
詠昇,
京晨科,
易發,
今展科,
大中,
廣錠,
藥華藥,
紘康,
益得,
神盾,
威潤,
大樹,
宇智,
保瑞,
弘煜科,
點序,
互動,
環球晶,
生華科,
九齊,
科懋,
益安,
雙邦,
惠光,
聚和,
精測,
啟發電,
芮特-KY,
勤崴國際,
達爾膚,
明達醫,
創威,
瑞耘,
順藥,
倉和,
隆中,
高端疫苗,
長科*,
勝品,
欣普羅,
是方,
宏觀,
醫揚,
維田,
霈方,
逸達,
勁豐,
達邦蛋白,
東典,
台康生技,
普鴻,
台灣銘板,
展匯科,
寬宏藝術,
富強鑫,
瀧澤科,
奈米醫材,
朋億,
慧智,
特昇-KY,
萬年清,
泰金-KY,
均華,
富致,
M31,
台生材,
全宇昕,
天正國際,
威健生技,
樂斯科,
群翊,
信紘科,
鈺太,
鑫創電子,
雍智科技,
安格,
安碁資訊,
廣閎科,
東捷資訊,
軒郁,
長聖,
應廣,
信實,
亞泰金屬,
上洋,
昇佳電子,
博晟生醫,
美達科技,
91APP*-KY,
亨泰光,
智聯服務,
叡揚,
穩得,
達亞,
綠界科技,
台微醫,
華景電,
崑鼎投控,
明係,
千附精密,
邑錡,
意德士科技,
佑華,
鈦昇,
光菱,
榮群,
長園科,
九暘,
金山電,
蜜望實,
網家,
星雲,
德勝,
晶采,
廣積,
安國,
凱碩,
東捷,
來思達,
志旭,
全達,
元太,
能率網通,
鉅橡,
伍豐,
洛碁,
永利聯合,
瑞穎,
巨虹,
福華,
宏捷科,
華鎂鑫,
品安,
康全電訊,
翔名,
建暐,
保銳,
擎亞,
常珵,
大世科,
大億金茂,
博大,
立碁,
越峰,
正淩,
博智,
天宇,
智捷,
加高,
精星,
新漢,
華宏,
朋程,
商丞,
生展,
三竹,
泰藝,
尚茂,
群聯,
益張,
恒耀國際,
冠好,
金居,
千附,
金益鼎,
白紗科,
盛弘,
商之器,
森田,
大國鋼,
實威,
捷必勝-KY,
明揚,
旭源,
保綠-KY,
惠普,
紅木-KY,
匯鑽科,
東生華,
弘帆,
鉅邁,
大江,
大地-KY,
綠電,
綠河-KY,
華研,
霹靂,
大拓-KY,
夠麻吉,
台境,
創業家,
三貝德,
裕國,
花王,
欣雄,
光隆,
欣泰,
沈氏,
時報,
大田,
北基,
鉅明,
富堡,
青鋼,
大汽電,
宏大,
愛地雅,
邦泰,
國統,
合騏,
明安,
關中,
森鉅,
琉園,
萬國通,
皇田,
邁達康,
有益,
富味鄉食品股份有限公司,
乾杯股份有限公司,
晨暉生物科技股份有限公司,
利統股份有限公司,
旭東環保科技股份有限公司,
巧新科技工業股份有限公司,
鎧鉅科技股份有限公司,
日高工程實業股份有限公司,
立弘生化科技股份有限公司,
震南鐵線股份有限公司,
世紀離岸風電設備股份有限公司,
雄順金屬股份有限公司,
華德動能科技股份有限公司,
詠勝昌股份有限公司,
凱勝綠能科技股份有限公司,
華勝汽車電子股份有限公司,
湧盛電機股份有限公司,
為昇科科技股份有限公司,
巨鎧精密工業股份有限公司,
凱銳光電股份有限公司,
歐特明電子股份有限公司,
樂揚建設股份有限公司,
長榮航太科技股份有限公司,
美麗信酒店股份有限公司,
維格餅家股份有限公司,
人杰老四川餐飲管理顧問(股)公司,
桃禧航空城大飯店股份有限公司,
路易莎職人咖啡股份有限公司,
橘焱胡同國際股份有限公司,
床的世界股份有限公司,
米斯特國際企業股份有限公司,
京站實業股份有限公司,
寶陞國際股份有限公司,
拍檔科技股份有限公司,
年程科技股份有限公司,
凌航科技股份有限公司,
鈺寶科技股份有限公司,
嘉實資訊股份有限公司,
眾福科技股份有限公司,
微邦科技股份有限公司,
奇鈦科技股份有限公司,
展達通訊股份有限公司,
敘(余+卜+又)豐企業股份有限公司,
聯致科技股份有限公司,
山太士股份有限公司,
建祥國際股份有限公司,
華信光電科技股份有限公司,
云光科技股份有限公司,
百辰光電股份有限公司,
聯享光電股份有限公司,
普生股份有限公司,
國鼎生物科技股份有限公司,
英屬開曼太和生技集團(股)公司,
優你康光學股份有限公司,
友霖生技醫藥股份有限公司,
泰宗生物科技股份有限公司,
因華生技製藥股份有限公司,
台灣尖端先進生技醫藥(股)公司,
禾伸堂生技股份有限公司,
基龍米克斯生物科技股份有限公司,
暐世生物科技股份有限公司,
敏成健康科技股份有限公司,
振大環球股份有限公司,
旭東機械工業股份有限公司,
春日機械工業股份有限公司,
長亨精密股份有限公司,
盛復工業股份有限公司,
久裕興業科技股份有限公司,
宏偉電機工業股份有限公司,
高明鐵企業股份有限公司,
銓寶工業股份有限公司,
達航科技股份有限公司,
總格精密股份有限公司,
聚恆科技股份有限公司,
君帆工業股份有限公司,
彥臣生技藥品股份有限公司,
尚志精密化學股份有限公司,
新應材股份有限公司,
磐采股份有限公司,
望隼科技股份有限公司,
智微科技股份有限公司,
精拓科技股份有限公司,
佐臻股份有限公司,
有量科技股份有限公司,
建騰創達科技股份有限公司,
景傳光電股份有限公司,
欣訊科技股份有限公司,
立達國際電子股份有限公司,
龍翩真空科技股份有限公司,
紘通企業股份有限公司,
葳天科技股份有限公司,
華懋科技股份有限公司,
廣化科技股份有限公司,
久舜營造股份有限公司,
遠雄人壽保險事業股份有限公司,
瑞興商業銀行股份有限公司,
德信綜合證券(股)公司,
公勝保險經紀人股份有限公司,
驊陞科技股份有限公司,
群登科技股份有限公司,
相互股份有限公司,
億而得微電子股份有限公司,
台灣淘米科技股份有限公司,
達輝光電股份有限公司,
網石棒辣椒股份有限公司,
好玩家股份有限公司,
華豫寧股份有限公司,
雷虎生技股份有限公司,
英屬開曼群島商納諾股份有限公司,
久禾光電股份有限公司,
保勝光學股份有限公司,
康科特股份有限公司,
正瀚生技股份有限公司,
碩豐數位科技股份有限公司,
麗彤生醫科技股份有限公司,
普惠醫工股份有限公司,
擎力科技股份有限公司,
正基科技股份有限公司,
景凱生物科技股份有限公司,
北極星藥業集團股份有限公司,
榮炭科技股份有限公司,
研晶光電股份有限公司,
聯亞藥業股份有限公司,
安特羅生物科技股份有限公司,
物聯智慧股份有限公司,
創益生技股份有限公司,
博錸生技股份有限公司,
心悅生醫股份有限公司,
台睿生物科技股份有限公司,
友松娛樂股份有限公司,
南俊國際股份有限公司,
醣基生醫股份有限公司,
光禹國際數位娛樂開發(股)公司,
立誠光電股份有限公司,
普達系統股份有限公司,
建德工業股份有限公司,
安成生物科技股份有限公司,
辣椒方舟移動數位股份有限公司,
共信醫藥科技控股股份有限公司,
永虹先進材料股份有限公司,
漢達生技醫藥股份有限公司,
華宇藥品股份有限公司,
百聿數碼創意股份有限公司,
唯數娛樂科技股份有限公司,
欣耀生醫股份有限公司,
醫影股份有限公司,
沅聖科技股份有限公司,
源大環能股份有限公司,
金萬林企業股份有限公司,
斯其大科技股份有限公司,
帝圖科技文化股份有限公司,
雅祥生技醫藥股份有限公司,
華安醫學股份有限公司,
聯策科技股份有限公司,
康聯生醫科技股份有限公司,
和詮科技股份有限公司,
祥翊製藥股份有限公司,
瑩碩生技醫藥股份有限公司,
碩鑽材料股份有限公司,
伊雲谷數位科技股份有限公司,
進金生能源服務股份有限公司,
芯鼎科技股份有限公司,
仁新醫藥股份有限公司,
奇邑科技股份有限公司,
振躍精密滑軌股份有限公司,
天擎積體電路股份有限公司,
昱厚生技股份有限公司,
智慧光科技股份有限公司,
久昌科技股份有限公司,
傑智環境科技股份有限公司,
創王光電股份有限公司,
機光科技股份有限公司,
常廣股份有限公司,
啟坤科技股份有限公司,
安盛生科股份有限公司,
碩辣椒股份有限公司,
秀育企業股份有限公司,
鼎恒數位科技股份有限公司,
竹陞科技股份有限公司,
澤米科技股份有限公司,
豐技生物科技股份有限公司,
亞果生醫股份有限公司,
泰創工程股份有限公司,
龍德造船工業股份有限公司,
連鋐科技股份有限公司,
台灣虎航股份有限公司,
冠亞生技股份有限公司,
亞洲教育平台股份有限公司,
平和環保科技股份有限公司,
穎台科技股份有限公司,
學習王科技股份有限公司,
視陽光學股份有限公司,
天凱科技股份有限公司,
昱展新藥生技股份有限公司,
芯測科技股份有限公司,
晶瑞光電股份有限公司,
采鈺科技股份有限公司,
虎門科技股份有限公司,
天力離岸風電科技股份有限公司,
向榮生醫科技股份有限公司,
晉弘科技股份有限公司,
台灣圓點奈米技術股份有限公司,
富世達股份有限公司,
三鼎生物科技股份有限公司,
新穎生醫股份有限公司,
宏碁資訊服務股份有限公司,
梭特科技股份有限公司,
富動科技股份有限公司,
路迦生醫股份有限公司,
晶鑽生醫股份有限公司,
捷智商訊科技股份有限公司,
溫士頓醫藥股份有限公司,
連騰科技股份有限公司,
眾智光電科技股份有限公司,
連訊通信股份有限公司,
聯寶電子股份有限公司,
濾能股份有限公司,
和暢科技股份有限公司,
和淞科技股份有限公司,
巨生生醫股份有限公司,
汎銓科技股份有限公司,
邁科科技股份有限公司,
金鼎聯合科技纖維股份有限公司,
太康精密股份有限公司,
天二科技股份有限公司,
圓裕企業股份有限公司,
富利康科技股份有限公司,
台新藥股份有限公司,
開陽國際投資控股股份有限公司,
東研信超股份有限公司,
長佳智能股份有限公司,
一元素科技股份有限公司,
進典工業股份有限公司,
諾貝兒寶貝股份有限公司,
綠茵生技股份有限公司,
普瑞博生技股份有限公司,
拉法生醫股份有限公司,
光鼎生物科技股份有限公司,
數泓科技股份有限公司,
鑫傳國際多媒體科技股份有限公司,
宏碁智醫股份有限公司,
愛比科技股份有限公司,
伯特光電股份有限公司,
睿生光電股份有限公司,
元樟生物科技股份有限公司,
偉康科技股份有限公司,
采威國際資訊股份有限公司,
雲豹能源科技股份有限公司,
騰雲科技服務股份有限公司,
泓德能源科技股份有限公司,
倍力資訊股份有限公司,
國邑藥品科技股份有限公司,
鏵友益科技股份有限公司,
歐付寶電子支付股份有限公司,
大江基因醫學股份有限公司,
甲尚股份有限公司,
樂迦再生科技股份有限公司,
台寶生醫股份有限公司,
達勝科技股份有限公司,
華上生技醫藥股份有限公司,
凡事康流體科技股份有限公司,
乂迪生科技股份有限公司,
環拓科技股份有限公司,
清淨海生技股份有限公司,
鋒魁科技股份有限公司,
碩網資訊股份有限公司,
知識科技股份有限公司,
美萌科技股份有限公司,
群利科技股份有限公司,
光晟生物科技股份有限公司,
亞果遊艇開發股份有限公司,
樂意傳播股份有限公司,
怡和國際股份有限公司,
世基生物醫學股份有限公司,
東元精電股份有限公司,
達運光電股份有限公司,
帝聞企業股份有限公司,
公信電子股份有限公司,
旭德科技股份有限公司,
巨有科技股份有限公司,
威睿科技股份有限公司,
臺灣電視事業股份有限公司,
錢櫃企業股份有限公司,
影一製作所股份有限公司,
德河海洋生技(股)公司,
愛爾達科技股份有限公司,
台灣利得生物科技股份有限公司,
真好玩娛樂科技股份有限公司,
兔將創意影業股份有限公司,
燁聯鋼鐵股份有限公司,
